MICHAEL,0.03691
EDWARD,0.01845
